zgap,Vgap
0.0,-4.6457848397457635
0.0,3.752921858504354
-18.000000000000004,7.749999999999999
-18.000000000000004,-4.6457848397457635
0.0,-4.6457848397457635
